{
  "reynolds": 500,
  "U_mean_throat_m_per_s": 0.41429924242424243,
  "P_scale_Pa": 181.25591856060606,
  "n_obs": 4130,
  "data_rel_L2_ux_pct": 7.504151701882923,
  "data_rel_L2_ur_pct": 86.82732167204277,
  "stewart_2012_Eg_ux": 0.1368142200606759,
  "tau_w_peak_Pa": 5.755126626401555,
  "ux_peak_predicted": 0.7670909501470969,
  "ux_peak_pivdata": 0.768021,
  "p_drop_Pa": 273.9188250695691,
  "hyperparameters": {
    "architecture": "6 hidden x 64 units, tanh, hard BC",
    "adam_iters": 30000,
    "lbfgs_iters": 5000,
    "n_interior": 5000,
    "lr_schedule": "cosine 1e-3 -> 5e-4",
    "data_loss": "per-component relative L2",
    "weights": {
      "continuity": 1.0,
      "mom_x": 1.0,
      "mom_r": 1.0,
      "wall": 0.0,
      "inlet": 10.0,
      "outlet": 0.1,
      "axis": 0.0,
      "data": 100.0
    }
  }
}