{
  "reynolds": 2000,
  "U_mean_throat_m_per_s": 1.6571969696969697,
  "P_scale_Pa": 2900.094696969697,
  "n_obs": 4195,
  "data_rel_L2_ux_pct": 35.641616594670985,
  "data_rel_L2_ur_pct": 82.29543666870565,
  "stewart_2012_Eg_ux": 0.5444859421331405,
  "tau_w_peak_Pa": 22.022408558658444,
  "ux_peak_predicted": 1.9251509671783358,
  "ux_peak_pivdata": 2.53846,
  "p_drop_Pa": 1380.414226439345,
  "hyperparameters": {
    "architecture": "6 hidden x 64 units, tanh, hard BC",
    "adam_iters": 50000,
    "lbfgs_iters": 5000,
    "n_interior": 7000,
    "lr_schedule": "cosine 1e-3 -> 5e-4",
    "data_loss": "per-component relative L2",
    "weights": {
      "continuity": 1.0,
      "mom_x": 1.0,
      "mom_r": 1.0,
      "wall": 0.0,
      "inlet": 10.0,
      "outlet": 0.1,
      "axis": 0.0,
      "data": 200.0
    }
  }
}