{
  "C1": {
    "case": "C1",
    "Q_lpm": 2.5,
    "rpm": 2500,
    "Re_pump": 209338,
    "n_obs": 3941,
    "U_scale": 2.93853,
    "P_scale": 8937.182110531501,
    "data_rel_L2_mag_pct": 0.9855404643122447,
    "stewart_2012_Eg_mag": 0.019058920673168313,
    "vmag_peak_predicted": 3.4419692534182973,
    "vmag_peak_pivdata": 3.43313,
    "train_time_seconds": 687.1135654449463
  },
  "C2": {
    "case": "C2",
    "Q_lpm": 2.5,
    "rpm": 3500,
    "Re_pump": 293073,
    "n_obs": 3942,
    "U_scale": 3.3477415,
    "P_scale": 11599.63121110103,
    "data_rel_L2_mag_pct": 1.4983171317688206,
    "stewart_2012_Eg_mag": 0.021725721381422133,
    "vmag_peak_predicted": 4.0713736832985274,
    "vmag_peak_pivdata": 4.11897,
    "train_time_seconds": 682.0534424781799
  },
  "C4": {
    "case": "C4",
    "Q_lpm": 6.0,
    "rpm": 2500,
    "Re_pump": 209338,
    "n_obs": 3941,
    "U_scale": 6.35107,
    "P_scale": 41747.853299971495,
    "data_rel_L2_mag_pct": 1.5362090305017155,
    "stewart_2012_Eg_mag": 0.01530924412570627,
    "vmag_peak_predicted": 6.924373153764061,
    "vmag_peak_pivdata": 6.95342,
    "train_time_seconds": 683.8208043575287
  },
  "C5": {
    "case": "C5",
    "Q_lpm": 6.0,
    "rpm": 3500,
    "Re_pump": 293073,
    "n_obs": 4086,
    "U_scale": 6.683965000000001,
    "P_scale": 46239.02670546788,
    "data_rel_L2_mag_pct": 1.6671996409950722,
    "stewart_2012_Eg_mag": 0.024044377055924146,
    "vmag_peak_predicted": 7.390499527033081,
    "vmag_peak_pivdata": 7.42861,
    "train_time_seconds": 684.519364118576
  },
  "C6": {
    "case": "C6",
    "Q_lpm": 7.0,
    "rpm": 3500,
    "Re_pump": 293073,
    "n_obs": 3941,
    "U_scale": 7.69153,
    "P_scale": 61230.220921831504,
    "data_rel_L2_mag_pct": 1.268198644222917,
    "stewart_2012_Eg_mag": 0.013912974149388723,
    "vmag_peak_predicted": 8.44296055356941,
    "vmag_peak_pivdata": 8.44503,
    "train_time_seconds": 682.7290873527527
  }
}